{
  "var__GSE63060_to_GSE63061_top200": {
    "feature_mode": "var",
    "source": "GSE63060",
    "target": "GSE63061",
    "top_n_genes": 200,
    "selected_gene_count": 200,
    "target_auroc": 0.7113095238095238,
    "delta_auroc_source_plus_target_raw_vs_target_only": 0.080952380952381,
    "delta_auroc_source_plus_target_combat_trainfit_vs_target_only": 0.0357142857142857,
    "null_perm_n": 1000,
    "null_perm_auroc_mean": 0.5025738095238095,
    "null_perm_auroc_std": 0.06828987704818508,
    "null_perm_auroc_q05": 0.3892559523809524,
    "null_perm_auroc_q95": 0.6113690476190476,
    "p_target_gt_null_perm": 0.0,
    "agora_genes_rescued_by_v2_shield": 164
  },
  "var__GSE63060_to_GSE63061_top1000": {
    "feature_mode": "var",
    "source": "GSE63060",
    "target": "GSE63061",
    "top_n_genes": 1000,
    "selected_gene_count": 1000,
    "target_auroc": 0.7160714285714286,
    "delta_auroc_source_plus_target_raw_vs_target_only": 0.03154761904761905,
    "delta_auroc_source_plus_target_combat_trainfit_vs_target_only": 0.005952380952380931,
    "null_perm_n": 1000,
    "null_perm_auroc_mean": 0.4997369047619048,
    "null_perm_auroc_std": 0.06969951560740598,
    "null_perm_auroc_q05": 0.3874702380952382,
    "null_perm_auroc_q95": 0.613095238095238,
    "p_target_gt_null_perm": 0.002,
    "agora_genes_rescued_by_v2_shield": 164
  },
  "de_ttest__GSE63060_to_GSE63061_top200": {
    "feature_mode": "de_ttest",
    "source": "GSE63060",
    "target": "GSE63061",
    "top_n_genes": 200,
    "selected_gene_count": 200,
    "target_auroc": 0.6779761904761905,
    "delta_auroc_source_plus_target_raw_vs_target_only": 0.1333333333333333,
    "delta_auroc_source_plus_target_combat_trainfit_vs_target_only": 0.12976190476190474,
    "null_perm_n": 1000,
    "null_perm_auroc_mean": 0.5013851190476191,
    "null_perm_auroc_std": 0.06376054243172372,
    "null_perm_auroc_q05": 0.39583333333333337,
    "null_perm_auroc_q95": 0.6101190476190476,
    "p_target_gt_null_perm": 0.003,
    "agora_genes_rescued_by_v2_shield": 164
  },
  "de_ttest__GSE63060_to_GSE63061_top1000": {
    "feature_mode": "de_ttest",
    "source": "GSE63060",
    "target": "GSE63061",
    "top_n_genes": 1000,
    "selected_gene_count": 1000,
    "target_auroc": 0.7523809523809524,
    "delta_auroc_source_plus_target_raw_vs_target_only": 0.03928571428571426,
    "delta_auroc_source_plus_target_combat_trainfit_vs_target_only": 0.03452380952380962,
    "null_perm_n": 1000,
    "null_perm_auroc_mean": 0.499277380952381,
    "null_perm_auroc_std": 0.0721228269675044,
    "null_perm_auroc_q05": 0.38389880952380956,
    "null_perm_auroc_q95": 0.6155357142857143,
    "p_target_gt_null_perm": 0.0,
    "agora_genes_rescued_by_v2_shield": 164
  },
  "agora_only__GSE63060_to_GSE63061_top200": {
    "feature_mode": "agora_only",
    "source": "GSE63060",
    "target": "GSE63061",
    "top_n_genes": 200,
    "selected_gene_count": 200,
    "target_auroc": 0.7511904761904762,
    "delta_auroc_source_plus_target_raw_vs_target_only": -0.025595238095238115,
    "delta_auroc_source_plus_target_combat_trainfit_vs_target_only": -0.09583333333333333,
    "null_perm_n": 1000,
    "null_perm_auroc_mean": 0.5000851190476191,
    "null_perm_auroc_std": 0.06719456846222639,
    "null_perm_auroc_q05": 0.39223214285714286,
    "null_perm_auroc_q95": 0.6066369047619048,
    "p_target_gt_null_perm": 0.0,
    "agora_genes_rescued_by_v2_shield": 164
  },
  "agora_only__GSE63060_to_GSE63061_top1000": {
    "feature_mode": "agora_only",
    "source": "GSE63060",
    "target": "GSE63061",
    "top_n_genes": 1000,
    "selected_gene_count": 767,
    "target_auroc": 0.6654761904761904,
    "delta_auroc_source_plus_target_raw_vs_target_only": 0.08809523809523812,
    "delta_auroc_source_plus_target_combat_trainfit_vs_target_only": 0.04285714285714293,
    "null_perm_n": 1000,
    "null_perm_auroc_mean": 0.5000190476190476,
    "null_perm_auroc_std": 0.06284895491403852,
    "null_perm_auroc_q05": 0.3975892857142857,
    "null_perm_auroc_q95": 0.5982142857142857,
    "p_target_gt_null_perm": 0.001,
    "agora_genes_rescued_by_v2_shield": 164
  },
  "de_agora_intersection__GSE63060_to_GSE63061_top200": {
    "feature_mode": "de_agora_intersection",
    "source": "GSE63060",
    "target": "GSE63061",
    "top_n_genes": 200,
    "selected_gene_count": 200,
    "target_auroc": 0.5863095238095237,
    "delta_auroc_source_plus_target_raw_vs_target_only": 0.13928571428571435,
    "delta_auroc_source_plus_target_combat_trainfit_vs_target_only": 0.059523809523809645,
    "null_perm_n": 1000,
    "null_perm_auroc_mean": 0.5047833333333334,
    "null_perm_auroc_std": 0.07174604226365985,
    "null_perm_auroc_q05": 0.3916666666666667,
    "null_perm_auroc_q95": 0.6226785714285714,
    "p_target_gt_null_perm": 0.13,
    "agora_genes_rescued_by_v2_shield": 164
  },
  "de_agora_intersection__GSE63060_to_GSE63061_top1000": {
    "feature_mode": "de_agora_intersection",
    "source": "GSE63060",
    "target": "GSE63061",
    "top_n_genes": 1000,
    "selected_gene_count": 767,
    "target_auroc": 0.6654761904761904,
    "delta_auroc_source_plus_target_raw_vs_target_only": 0.08809523809523812,
    "delta_auroc_source_plus_target_combat_trainfit_vs_target_only": 0.04285714285714293,
    "null_perm_n": 1000,
    "null_perm_auroc_mean": 0.5000244047619048,
    "null_perm_auroc_std": 0.0628463513209975,
    "null_perm_auroc_q05": 0.3975892857142857,
    "null_perm_auroc_q95": 0.5982142857142857,
    "p_target_gt_null_perm": 0.001,
    "agora_genes_rescued_by_v2_shield": 164
  },
  "de_batch_robust__GSE63060_to_GSE63061_top200": {
    "feature_mode": "de_batch_robust",
    "source": "GSE63060",
    "target": "GSE63061",
    "top_n_genes": 200,
    "selected_gene_count": 200,
    "target_auroc": 0.6880952380952381,
    "delta_auroc_source_plus_target_raw_vs_target_only": 0.10833333333333339,
    "delta_auroc_source_plus_target_combat_trainfit_vs_target_only": 0.06547619047619047,
    "null_perm_n": 1000,
    "null_perm_auroc_mean": 0.5006821428571429,
    "null_perm_auroc_std": 0.0633752453849901,
    "null_perm_auroc_q05": 0.39821428571428574,
    "null_perm_auroc_q95": 0.6041964285714286,
    "p_target_gt_null_perm": 0.002,
    "agora_genes_rescued_by_v2_shield": 164
  },
  "de_batch_robust__GSE63060_to_GSE63061_top1000": {
    "feature_mode": "de_batch_robust",
    "source": "GSE63060",
    "target": "GSE63061",
    "top_n_genes": 1000,
    "selected_gene_count": 1000,
    "target_auroc": 0.7089285714285715,
    "delta_auroc_source_plus_target_raw_vs_target_only": 0.05714285714285705,
    "delta_auroc_source_plus_target_combat_trainfit_vs_target_only": 0.014880952380952328,
    "null_perm_n": 1000,
    "null_perm_auroc_mean": 0.49974047619047623,
    "null_perm_auroc_std": 0.07016198434778657,
    "null_perm_auroc_q05": 0.3827083333333333,
    "null_perm_auroc_q95": 0.6125595238095237,
    "p_target_gt_null_perm": 0.001,
    "agora_genes_rescued_by_v2_shield": 164
  },
  "de_batch_robust_v2__GSE63060_to_GSE63061_top200": {
    "feature_mode": "de_batch_robust_v2",
    "source": "GSE63060",
    "target": "GSE63061",
    "top_n_genes": 200,
    "selected_gene_count": 200,
    "target_auroc": 0.7744047619047619,
    "delta_auroc_source_plus_target_raw_vs_target_only": 0.01309523809523816,
    "delta_auroc_source_plus_target_combat_trainfit_vs_target_only": -0.01130952380952388,
    "null_perm_n": 1000,
    "null_perm_auroc_mean": 0.49765952380952383,
    "null_perm_auroc_std": 0.06748521027189718,
    "null_perm_auroc_q05": 0.3933928571428572,
    "null_perm_auroc_q95": 0.611904761904762,
    "p_target_gt_null_perm": 0.0,
    "agora_genes_rescued_by_v2_shield": 164
  },
  "de_batch_robust_v2__GSE63060_to_GSE63061_top1000": {
    "feature_mode": "de_batch_robust_v2",
    "source": "GSE63060",
    "target": "GSE63061",
    "top_n_genes": 1000,
    "selected_gene_count": 1000,
    "target_auroc": 0.7095238095238094,