{
  "var__GSE63060_to_GSE63061_top200": {
    "feature_mode": "var",
    "source": "GSE63060",
    "target": "GSE63061",
    "top_n_genes": 200,
    "selected_gene_count": 200,
    "target_auroc": 0.6244047619047618,
    "delta_auroc_source_plus_target_raw_vs_target_only": 0.08869047619047632,
    "delta_auroc_source_plus_target_combat_transductive_vs_target_only": 0.09285714285714297,
    "null_perm_n": 100,
    "null_perm_auroc_mean": 0.49847619047619046,
    "null_perm_auroc_std": 0.060154063352931365,
    "null_perm_auroc_q05": 0.40732142857142856,
    "null_perm_auroc_q95": 0.5950297619047619,
    "p_target_gt_null_perm": 0.02
  },
  "var__GSE63061_to_GSE63060_top200": {
    "feature_mode": "var",
    "source": "GSE63061",
    "target": "GSE63060",
    "top_n_genes": 200,
    "selected_gene_count": 200,
    "target_auroc": 0.8636363636363636,
    "delta_auroc_source_plus_target_raw_vs_target_only": -0.03445747800586507,
    "delta_auroc_source_plus_target_combat_transductive_vs_target_only": -0.048387096774193505,
    "null_perm_n": 100,
    "null_perm_auroc_mean": 0.49893695014662753,
    "null_perm_auroc_std": 0.08463195101517865,
    "null_perm_auroc_q05": 0.3675219941348974,
    "null_perm_auroc_q95": 0.6299853372434018,
    "p_target_gt_null_perm": 0.0
  },
  "var__GSE63060_to_GSE63061_top1000": {
    "feature_mode": "var",
    "source": "GSE63060",
    "target": "GSE63061",
    "top_n_genes": 1000,
    "selected_gene_count": 1000,
    "target_auroc": 0.6910714285714287,
    "delta_auroc_source_plus_target_raw_vs_target_only": 0.0613095238095237,
    "delta_auroc_source_plus_target_combat_transductive_vs_target_only": 0.035119047619047605,
    "null_perm_n": 100,
    "null_perm_auroc_mean": 0.4994940476190476,
    "null_perm_auroc_std": 0.06026875366764102,
    "null_perm_auroc_q05": 0.40247023809523813,
    "null_perm_auroc_q95": 0.5756249999999999,
    "p_target_gt_null_perm": 0.0
  },
  "var__GSE63061_to_GSE63060_top1000": {
    "feature_mode": "var",
    "source": "GSE63061",
    "target": "GSE63060",
    "top_n_genes": 1000,
    "selected_gene_count": 1000,
    "target_auroc": 0.9120234604105572,
    "delta_auroc_source_plus_target_raw_vs_target_only": -0.021994134897360684,
    "delta_auroc_source_plus_target_combat_transductive_vs_target_only": -0.006598240469208205,
    "null_perm_n": 100,
    "null_perm_auroc_mean": 0.498291788856305,
    "null_perm_auroc_std": 0.07709487614076055,
    "null_perm_auroc_q05": 0.36722873900293257,
    "null_perm_auroc_q95": 0.6161656891495602,
    "p_target_gt_null_perm": 0.0
  },
  "de_ttest__GSE63060_to_GSE63061_top200": {
    "feature_mode": "de_ttest",
    "source": "GSE63060",
    "target": "GSE63061",
    "top_n_genes": 200,
    "selected_gene_count": 200,
    "target_auroc": 0.7208333333333334,
    "delta_auroc_source_plus_target_raw_vs_target_only": 0.088095238095238,
    "delta_auroc_source_plus_target_combat_transductive_vs_target_only": -0.005952380952381042,
    "null_perm_n": 100,
    "null_perm_auroc_mean": 0.49028571428571416,
    "null_perm_auroc_std": 0.053553097392800834,
    "null_perm_auroc_q05": 0.4050892857142857,
    "null_perm_auroc_q95": 0.5848809523809524,
    "p_target_gt_null_perm": 0.0
  },
  "de_ttest__GSE63061_to_GSE63060_top200": {
    "feature_mode": "de_ttest",
    "source": "GSE63061",
    "target": "GSE63060",
    "top_n_genes": 200,
    "selected_gene_count": 200,
    "target_auroc": 0.845307917888563,
    "delta_auroc_source_plus_target_raw_vs_target_only": 0.05498533724340182,
    "delta_auroc_source_plus_target_combat_transductive_vs_target_only": 0.03592375366568923,
    "null_perm_n": 100,
    "null_perm_auroc_mean": 0.48869501466275655,
    "null_perm_auroc_std": 0.08850872637208666,
    "null_perm_auroc_q05": 0.3525293255131965,
    "null_perm_auroc_q95": 0.646041055718475,
    "p_target_gt_null_perm": 0.0
  },
  "de_ttest__GSE63060_to_GSE63061_top1000": {
    "feature_mode": "de_ttest",
    "source": "GSE63060",
    "target": "GSE63061",
    "top_n_genes": 1000,
    "selected_gene_count": 1000,
    "target_auroc": 0.6958333333333333,
    "delta_auroc_source_plus_target_raw_vs_target_only": 0.12202380952380953,
    "delta_auroc_source_plus_target_combat_transductive_vs_target_only": 0.10595238095238102,
    "null_perm_n": 100,
    "null_perm_auroc_mean": 0.49857142857142855,
    "null_perm_auroc_std": 0.06541772281308703,
    "null_perm_auroc_q05": 0.3826488095238095,
    "null_perm_auroc_q95": 0.5906249999999998,
    "p_target_gt_null_perm": 0.0
  },
  "de_ttest__GSE63061_to_GSE63060_top1000": {
    "feature_mode": "de_ttest",
    "source": "GSE63061",
    "target": "GSE63060",
    "top_n_genes": 1000,
    "selected_gene_count": 1000,
    "target_auroc": 0.8907624633431086,
    "delta_auroc_source_plus_target_raw_vs_target_only": 0.02126099706744855,
    "delta_auroc_source_plus_target_combat_transductive_vs_target_only": 0.016862170087976414,
    "null_perm_n": 100,
    "null_perm_auroc_mean": 0.4961143695014663,
    "null_perm_auroc_std": 0.08080811981350028,
    "null_perm_auroc_q05": 0.3585410557184751,
    "null_perm_auroc_q95": 0.632258064516129,
    "p_target_gt_null_perm": 0.0
  },
  "agora_only__GSE63060_to_GSE63061_top200": {
    "feature_mode": "agora_only",
    "source": "GSE63060",
    "target": "GSE63061",
    "top_n_genes": 200,
    "selected_gene_count": 200,
    "target_auroc": 0.7291666666666666,
    "delta_auroc_source_plus_target_raw_vs_target_only": 0.018452380952380998,
    "delta_auroc_source_plus_target_combat_transductive_vs_target_only": 0.01666666666666672,
    "null_perm_n": 100,
    "null_perm_auroc_mean": 0.4994464285714285,
    "null_perm_auroc_std": 0.0580258694336076,
    "null_perm_auroc_q05": 0.40961309523809525,
    "null_perm_auroc_q95": 0.600922619047619,
    "p_target_gt_null_perm": 0.0
  },
  "agora_only__GSE63061_to_GSE63060_top200": {
    "feature_mode": "agora_only",
    "source": "GSE63061",
    "target": "GSE63060",
    "top_n_genes": 200,
    "selected_gene_count": 200,
    "target_auroc": 0.8731671554252199,
    "delta_auroc_source_plus_target_raw_vs_target_only": 0.024193548387096753,
    "delta_auroc_source_plus_target_combat_transductive_vs_target_only": -0.0014662756598240456,
    "null_perm_n": 100,
    "null_perm_auroc_mean": 0.4927492668621701,
    "null_perm_auroc_std": 0.07575651195134901,
    "null_perm_auroc_q05": 0.35223607038123167,
    "null_perm_auroc_q95": 0.6086143695014662,
    "p_target_gt_null_perm": 0.0
  },
  "agora_only__GSE63060_to_GSE63061_top1000": {
    "feature_mode": "agora_only",
    "source": "GSE63060",
    "target": "GSE63061",
    "top_n_genes": 1000,
    "selected_gene_count": 1000,
    "target_auroc": 0.6511904761904762,
    "delta_auroc_source_plus_target_raw_vs_target_only": 0.08571428571428574,
    "delta_auroc_source_plus_target_combat_transductive_vs_target_only": 0.08452380952380945,
    "null_perm_n": 100,
    "null_perm_auroc_mean": 0.5066488095238096,
    "null_perm_auroc_std": 0.061003225573151444,
    "null_perm_auroc_q05": 0.412202380952381,
    "null_perm_auroc_q95": 0.6024107142857142,
    "p_target_gt_null_perm": 0.01
  },
  "agora_only__GSE63061_to_GSE63060_top1000": {
    "feature_mode": "agora_only",
    "source": "GSE63061",
    "target": "GSE63060",
    "top_n_genes": 1000,
    "selected_gene_count": 1000,
    "target_auroc": 0.8475073313782991,
    "delta_auroc_source_plus_target_raw_vs_target_only": 0.007331378299120228,
    "delta_auroc_source_plus_target_combat_transductive_vs_target_only": -0.03592375366568923,
    "null_perm_n": 100,
    "null_perm_auroc_mean": 0.48908357771261,
    "null_perm_auroc_std": 0.0924501567901713,
    "null_perm_auroc_q05": 0.3324046920821115,
    "null_perm_auroc_q95": 0.6321480938416422,
    "p_target_gt_null_perm": 0.0
  },
  "de_agora_intersection__GSE63060_to_GSE63061_top200": {
    "feature_mode": "de_agora_intersection",
    "source": "GSE63060",
    "target": "GSE63061",
    "top_n_genes": 200,