{
  "var__GSE63060_to_GSE63061_top200": {
    "feature_mode": "var",
    "source": "GSE63060",
    "target": "GSE63061",
    "top_n_genes": 200,
    "selected_gene_count": 200,
    "target_auroc": 0.7113095238095238,
    "delta_auroc_source_plus_target_raw_vs_target_only": 0.080952380952381,
    "delta_auroc_source_plus_target_combat_trainfit_vs_target_only": 0.0357142857142857,
    "null_perm_n": 100,
    "null_perm_auroc_mean": 0.5057916666666668,
    "null_perm_auroc_std": 0.058938061705746524,
    "null_perm_auroc_q05": 0.41773809523809524,
    "null_perm_auroc_q95": 0.6001785714285713,
    "p_target_gt_null_perm": 0.0
  },
  "var__GSE63060_to_GSE63061_top1000": {
    "feature_mode": "var",
    "source": "GSE63060",
    "target": "GSE63061",
    "top_n_genes": 1000,
    "selected_gene_count": 1000,
    "target_auroc": 0.7160714285714286,
    "delta_auroc_source_plus_target_raw_vs_target_only": 0.03154761904761905,
    "delta_auroc_source_plus_target_combat_trainfit_vs_target_only": 0.005952380952380931,
    "null_perm_n": 100,
    "null_perm_auroc_mean": 0.4977916666666667,
    "null_perm_auroc_std": 0.06444668421488041,
    "null_perm_auroc_q05": 0.38241071428571427,
    "null_perm_auroc_q95": 0.6089583333333333,
    "p_target_gt_null_perm": 0.0
  },
  "de_ttest__GSE63060_to_GSE63061_top200": {
    "feature_mode": "de_ttest",
    "source": "GSE63060",
    "target": "GSE63061",
    "top_n_genes": 200,
    "selected_gene_count": 200,
    "target_auroc": 0.6779761904761905,
    "delta_auroc_source_plus_target_raw_vs_target_only": 0.1333333333333333,
    "delta_auroc_source_plus_target_combat_trainfit_vs_target_only": 0.12976190476190474,
    "null_perm_n": 100,
    "null_perm_auroc_mean": 0.5100952380952382,
    "null_perm_auroc_std": 0.05894149209000327,
    "null_perm_auroc_q05": 0.41815476190476186,
    "null_perm_auroc_q95": 0.6179166666666666,
    "p_target_gt_null_perm": 0.0
  },
  "de_ttest__GSE63060_to_GSE63061_top1000": {
    "feature_mode": "de_ttest",
    "source": "GSE63060",
    "target": "GSE63061",
    "top_n_genes": 1000,
    "selected_gene_count": 1000,
    "target_auroc": 0.7523809523809524,
    "delta_auroc_source_plus_target_raw_vs_target_only": 0.03928571428571426,
    "delta_auroc_source_plus_target_combat_trainfit_vs_target_only": 0.03452380952380962,
    "null_perm_n": 100,
    "null_perm_auroc_mean": 0.5071130952380953,
    "null_perm_auroc_std": 0.06736629988548258,
    "null_perm_auroc_q05": 0.38446428571428576,
    "null_perm_auroc_q95": 0.6136904761904762,
    "p_target_gt_null_perm": 0.0
  },
  "agora_only__GSE63060_to_GSE63061_top200": {
    "feature_mode": "agora_only",
    "source": "GSE63060",
    "target": "GSE63061",
    "top_n_genes": 200,
    "selected_gene_count": 200,
    "target_auroc": 0.7511904761904762,
    "delta_auroc_source_plus_target_raw_vs_target_only": -0.025595238095238115,
    "delta_auroc_source_plus_target_combat_trainfit_vs_target_only": -0.09583333333333333,
    "null_perm_n": 100,
    "null_perm_auroc_mean": 0.5009285714285714,
    "null_perm_auroc_std": 0.07083309923930906,
    "null_perm_auroc_q05": 0.4127678571428572,
    "null_perm_auroc_q95": 0.6508333333333334,
    "p_target_gt_null_perm": 0.0
  },
  "agora_only__GSE63060_to_GSE63061_top1000": {
    "feature_mode": "agora_only",
    "source": "GSE63060",
    "target": "GSE63061",
    "top_n_genes": 1000,
    "selected_gene_count": 767,
    "target_auroc": 0.6654761904761904,
    "delta_auroc_source_plus_target_raw_vs_target_only": 0.08809523809523812,
    "delta_auroc_source_plus_target_combat_trainfit_vs_target_only": 0.04285714285714293,
    "null_perm_n": 100,
    "null_perm_auroc_mean": 0.5106071428571428,
    "null_perm_auroc_std": 0.06110706168298673,
    "null_perm_auroc_q05": 0.41741071428571436,
    "null_perm_auroc_q95": 0.6157738095238096,
    "p_target_gt_null_perm": 0.0
  },
  "de_agora_intersection__GSE63060_to_GSE63061_top200": {
    "feature_mode": "de_agora_intersection",
    "source": "GSE63060",
    "target": "GSE63061",
    "top_n_genes": 200,
    "selected_gene_count": 200,
    "target_auroc": 0.5863095238095237,
    "delta_auroc_source_plus_target_raw_vs_target_only": 0.13928571428571435,
    "delta_auroc_source_plus_target_combat_trainfit_vs_target_only": 0.059523809523809645,
    "null_perm_n": 100,
    "null_perm_auroc_mean": 0.5078511904761904,
    "null_perm_auroc_std": 0.07143926978413377,
    "null_perm_auroc_q05": 0.38758928571428575,
    "null_perm_auroc_q95": 0.6175297619047619,
    "p_target_gt_null_perm": 0.14
  },
  "de_agora_intersection__GSE63060_to_GSE63061_top1000": {
    "feature_mode": "de_agora_intersection",
    "source": "GSE63060",
    "target": "GSE63061",
    "top_n_genes": 1000,
    "selected_gene_count": 767,
    "target_auroc": 0.6654761904761904,
    "delta_auroc_source_plus_target_raw_vs_target_only": 0.08809523809523812,
    "delta_auroc_source_plus_target_combat_trainfit_vs_target_only": 0.04285714285714293,
    "null_perm_n": 100,
    "null_perm_auroc_mean": 0.5106130952380952,
    "null_perm_auroc_std": 0.06111278274744208,
    "null_perm_auroc_q05": 0.41741071428571436,
    "null_perm_auroc_q95": 0.6157738095238096,
    "p_target_gt_null_perm": 0.0
  },
  "de_batch_robust__GSE63060_to_GSE63061_top200": {
    "feature_mode": "de_batch_robust",
    "source": "GSE63060",
    "target": "GSE63061",
    "top_n_genes": 200,
    "selected_gene_count": 200,
    "target_auroc": 0.6880952380952381,
    "delta_auroc_source_plus_target_raw_vs_target_only": 0.10833333333333339,
    "delta_auroc_source_plus_target_combat_trainfit_vs_target_only": 0.06547619047619047,
    "null_perm_n": 100,
    "null_perm_auroc_mean": 0.5115535714285715,
    "null_perm_auroc_std": 0.06111910413997425,
    "null_perm_auroc_q05": 0.401547619047619,
    "null_perm_auroc_q95": 0.6043154761904761,
    "p_target_gt_null_perm": 0.0
  },
  "de_batch_robust__GSE63060_to_GSE63061_top1000": {
    "feature_mode": "de_batch_robust",
    "source": "GSE63060",
    "target": "GSE63061",
    "top_n_genes": 1000,
    "selected_gene_count": 1000,
    "target_auroc": 0.7089285714285715,
    "delta_auroc_source_plus_target_raw_vs_target_only": 0.05714285714285705,
    "delta_auroc_source_plus_target_combat_trainfit_vs_target_only": 0.014880952380952328,
    "null_perm_n": 100,
    "null_perm_auroc_mean": 0.5099642857142858,
    "null_perm_auroc_std": 0.06351854965908502,
    "null_perm_auroc_q05": 0.41443452380952384,
    "null_perm_auroc_q95": 0.6059821428571428,
    "p_target_gt_null_perm": 0.0
  },
  "var__GSE63061_to_GSE63060_top200": {
    "feature_mode": "var",
    "source": "GSE63061",
    "target": "GSE63060",
    "top_n_genes": 200,
    "selected_gene_count": 200,
    "target_auroc": 0.8673020527859238,
    "delta_auroc_source_plus_target_raw_vs_target_only": 0.009530791788856297,
    "delta_auroc_source_plus_target_combat_trainfit_vs_target_only": 0.0021994134897360684,
    "null_perm_n": 100,
    "null_perm_auroc_mean": 0.4956378299120234,
    "null_perm_auroc_std": 0.0917941482715543,
    "null_perm_auroc_q05": 0.3403592375366569,
    "null_perm_auroc_q95": 0.6479105571847507,
    "p_target_gt_null_perm": 0.0
  },
  "var__GSE63061_to_GSE63060_top1000": {
    "feature_mode": "var",
    "source": "GSE63061",
    "target": "GSE63060",
    "top_n_genes": 1000,
    "selected_gene_count": 1000,
    "target_auroc": 0.9090909090909091,
    "delta_auroc_source_plus_target_raw_vs_target_only": -0.0256598240469208,
    "delta_auroc_source_plus_target_combat_trainfit_vs_target_only": -0.03592375366568912,
    "null_perm_n": 100,
    "null_perm_auroc_mean": 0.4911436950146627,
    "null_perm_auroc_std": 0.08322368554312848,
    "null_perm_auroc_q05": 0.3526759530791789,
    "null_perm_auroc_q95": 0.6109970674486803,
    "p_target_gt_null_perm": 0.0
  },
  "de_ttest__GSE63061_to_GSE63060_top200": {
    "feature_mode": "de_ttest",
    "source": "GSE63061",
    "target": "GSE63060",
    "top_n_genes": 200,