{
  "var__GSE63060_to_GSE63061_top200": {
    "feature_mode": "var",
    "source": "GSE63060",
    "target": "GSE63061",
    "top_n_genes": 200,
    "delta_auroc_source_plus_target_combat_vs_target_only": 0.09285714285714297,
    "delta_auroc_source_plus_target_raw_vs_target_only": 0.08869047619047632,
    "delta_auroc_target_only_vs_null_avg100": 0.12261904761904752,
    "n_perm": 100,
    "perm_auroc_mean": 0.49847619047619046,
    "perm_auroc_std": 0.060154063352931365,
    "perm_auroc_q05": 0.40732142857142856,
    "perm_auroc_q95": 0.5950297619047619
  },
  "var__GSE63061_to_GSE63060_top200": {
    "feature_mode": "var",
    "source": "GSE63061",
    "target": "GSE63060",
    "top_n_genes": 200,
    "delta_auroc_source_plus_target_combat_vs_target_only": -0.048387096774193505,
    "delta_auroc_source_plus_target_raw_vs_target_only": -0.03445747800586507,
    "delta_auroc_target_only_vs_null_avg100": 0.375366568914956,
    "n_perm": 100,
    "perm_auroc_mean": 0.49893695014662753,
    "perm_auroc_std": 0.08463195101517865,
    "perm_auroc_q05": 0.3675219941348974,
    "perm_auroc_q95": 0.6299853372434018
  },
  "var__GSE63060_to_GSE63061_top1000": {
    "feature_mode": "var",
    "source": "GSE63060",
    "target": "GSE63061",
    "top_n_genes": 1000,
    "delta_auroc_source_plus_target_combat_vs_target_only": 0.035119047619047605,
    "delta_auroc_source_plus_target_raw_vs_target_only": 0.0613095238095237,
    "delta_auroc_target_only_vs_null_avg100": 0.2238095238095239,
    "n_perm": 100,
    "perm_auroc_mean": 0.4994940476190476,
    "perm_auroc_std": 0.06026875366764102,
    "perm_auroc_q05": 0.40247023809523813,
    "perm_auroc_q95": 0.5756249999999999
  },
  "var__GSE63061_to_GSE63060_top1000": {
    "feature_mode": "var",
    "source": "GSE63061",
    "target": "GSE63060",
    "top_n_genes": 1000,
    "delta_auroc_source_plus_target_combat_vs_target_only": -0.006598240469208205,
    "delta_auroc_source_plus_target_raw_vs_target_only": -0.021994134897360684,
    "delta_auroc_target_only_vs_null_avg100": 0.3980938416422287,
    "n_perm": 100,
    "perm_auroc_mean": 0.498291788856305,
    "perm_auroc_std": 0.07709487614076055,
    "perm_auroc_q05": 0.36722873900293257,
    "perm_auroc_q95": 0.6161656891495602
  },
  "de_ttest__GSE63060_to_GSE63061_top200": {
    "feature_mode": "de_ttest",
    "source": "GSE63060",
    "target": "GSE63061",
    "top_n_genes": 200,
    "delta_auroc_source_plus_target_combat_vs_target_only": -0.005952380952381042,
    "delta_auroc_source_plus_target_raw_vs_target_only": 0.088095238095238,
    "delta_auroc_target_only_vs_null_avg100": 0.3404761904761906,
    "n_perm": 100,
    "perm_auroc_mean": 0.49028571428571416,
    "perm_auroc_std": 0.053553097392800834,
    "perm_auroc_q05": 0.4050892857142857,
    "perm_auroc_q95": 0.5848809523809524
  },
  "de_ttest__GSE63061_to_GSE63060_top200": {
    "feature_mode": "de_ttest",
    "source": "GSE63061",
    "target": "GSE63060",
    "top_n_genes": 200,
    "delta_auroc_source_plus_target_combat_vs_target_only": 0.03592375366568923,
    "delta_auroc_source_plus_target_raw_vs_target_only": 0.05498533724340182,
    "delta_auroc_target_only_vs_null_avg100": 0.44061583577712604,
    "n_perm": 100,
    "perm_auroc_mean": 0.48869501466275655,
    "perm_auroc_std": 0.08850872637208666,
    "perm_auroc_q05": 0.3525293255131965,
    "perm_auroc_q95": 0.646041055718475
  },
  "de_ttest__GSE63060_to_GSE63061_top1000": {
    "feature_mode": "de_ttest",
    "source": "GSE63060",
    "target": "GSE63061",
    "top_n_genes": 1000,
    "delta_auroc_source_plus_target_combat_vs_target_only": 0.10595238095238102,
    "delta_auroc_source_plus_target_raw_vs_target_only": 0.12202380952380953,
    "delta_auroc_target_only_vs_null_avg100": 0.21845238095238095,
    "n_perm": 100,
    "perm_auroc_mean": 0.49857142857142855,
    "perm_auroc_std": 0.06541772281308703,
    "perm_auroc_q05": 0.3826488095238095,
    "perm_auroc_q95": 0.5906249999999998
  },
  "de_ttest__GSE63061_to_GSE63060_top1000": {
    "feature_mode": "de_ttest",
    "source": "GSE63061",
    "target": "GSE63060",
    "top_n_genes": 1000,
    "delta_auroc_source_plus_target_combat_vs_target_only": 0.016862170087976414,
    "delta_auroc_source_plus_target_raw_vs_target_only": 0.02126099706744855,
    "delta_auroc_target_only_vs_null_avg100": 0.4765395894428154,
    "n_perm": 100,
    "perm_auroc_mean": 0.4961143695014663,
    "perm_auroc_std": 0.08080811981350028,
    "perm_auroc_q05": 0.3585410557184751,
    "perm_auroc_q95": 0.632258064516129
  }
}