source,target,top_n_genes,comparison,delta_auroc,ci95_lo,ci95_hi,p_value,bh_adjusted_p
GSE63060,GSE63061,200,target_only_vs_null,0.10119047619047616,-0.07440751689189186,0.28877871713201386,0.298,0.3405714285714286
GSE63060,GSE63061,200,transfer_vs_target_only,0.12023809523809514,0.00849132472137782,0.22858630952380948,0.034,0.09066666666666667
GSE63060,GSE63061,1000,target_only_vs_null,0.13988095238095222,-0.02883482142857137,0.30715423669467795,0.122,0.244
GSE63060,GSE63061,1000,transfer_vs_target_only,0.07083333333333341,-0.0357194616977225,0.17055141276261102,0.222,0.296
GSE63061,GSE63060,200,target_only_vs_null,0.4809384164222874,0.3162231384307847,0.6223660652204144,0.0,0.0
GSE63061,GSE63060,200,transfer_vs_target_only,-0.04618768328445744,-0.11905107973421918,0.019641744779307142,0.168,0.26880000000000004
GSE63061,GSE63060,1000,target_only_vs_null,0.41202346041055715,0.2370340762273902,0.5650233516483516,0.0,0.0
GSE63061,GSE63060,1000,transfer_vs_target_only,-0.009530791788856297,-0.07717857142857146,0.06783526756931017,0.842,0.842
